"loss_inla","loss_dnn","loss_dk","loss_ck"
2.73389245363715,2.91656517982483,1.39170837402344,0.570992290973663
2.70252961393648,2.88014960289001,1.38121783733368,0.569961249828339
2.68970931925535,2.89631032943726,1.34759020805359,0.572660982608795
2.85280177066452,3.02103090286255,1.38195645809174,0.57990962266922
2.66280712019598,2.82237076759338,1.41244471073151,0.596179008483887
