"loss_inla","loss_dnn","loss_dk","loss_ck"
2.65452621428585,2.8109667301178,1.3842111825943,0.603491067886353
2.75742962761739,2.89838624000549,1.39246225357056,0.563551604747772
2.7339017033271,2.92535352706909,1.38099110126495,0.570763766765594
2.83698192871574,2.95617389678955,1.44007956981659,0.562668681144714
2.75248997456148,2.88839650154114,1.40882158279419,0.604266285896301
