"loss_inla","loss_dnn","loss_dk","loss_ck"
0.736109253139121,4.739990234375,1.16337060928345,0.620233058929443
0.710440141312641,4.67674684524536,1.05646812915802,0.616743326187134
0.74065648369176,5.00421237945557,1.18501627445221,0.620028257369995
0.68341386604139,4.70959043502808,1.10187947750092,0.582161247730255
0.674460273026944,4.61082029342651,1.03884899616241,0.626056015491486
