"loss_inla","loss_dnn","loss_dk","loss_ck"
2.70911341436669,4.22708940505981,NA,NA
2.66458278227358,4.1813850402832,NA,NA
2.66125616378145,4.44686985015869,NA,NA
2.60332880043744,4.38760900497437,NA,NA
2.69549366207915,4.25825166702271,NA,NA
