"loss_inla","loss_dnn","loss_dk","loss_ck"
53.9529640937354,111.12979888916,69.6540832519531,42.45166015625
60.9927855907173,118.75993347168,77.1400604248047,50.8946800231934
53.9207956622217,106.988090515137,71.0114440917969,46.2898063659668
54.0998230836307,114.981552124023,70.2555999755859,41.0975646972656
56.3491511778629,108.937683105469,70.6805953979492,44.6684036254883
