"loss_inla","loss_dnn","loss_dk","loss_ck"
6139.45989612069,19177.505859375,814.528198242188,385.68994140625
6540.22618062725,18117.453125,850.529296875,385.437469482422
6181.50677667931,22199.185546875,1290.69946289062,400.483947753906
6194.60428664229,20266.32421875,860.675964355469,356.853851318359
6389.71081820385,24097.19140625,1880.57922363281,455.332611083984
