"loss_inla","loss_dnn","loss_dk","loss_ck"
11.758711535014,156.223129272461,13.8228282928467,10.5663805007935
10.5210626085173,146.225738525391,13.3246726989746,10.0960149765015
10.9141367205592,168.950241088867,13.2963256835938,10.2250261306763
9.72071035568649,149.247650146484,12.9117565155029,9.95866203308105
11.3114455962605,180.941436767578,15.0781602859497,10.2930145263672
