"loss_inla","loss_dnn","loss_dk","loss_ck"
11.7591047573528,147.307495117188,13.0490589141846,9.8556547164917
10.5210852781097,144.794921875,12.5175161361694,9.88079833984375
10.9140034082364,166.858749389648,13.2924070358276,9.73500442504883
9.72068060116866,145.91845703125,13.2992763519287,9.64116191864014
11.3113758290546,169.043304443359,14.6777906417847,10.4651966094971
