"mse_vec_krig","mse_vec_nn","mse_vec_dkrig","mse_vec_ckrig"
344578.719510997,254456.15625,17953.142578125,8796.625
340401.577501271,221655.828125,15351.03125,7385.81298828125
353263.06535955,325477.09375,17267.23046875,7925.4921875
329362.665347537,229481.5,17410.69140625,8250.96875
349184.563700161,302264.375,16181.13671875,8696.6103515625
